Title,Price
Fairy Tail - Ice Trail T02,1500
Akane-banashi T02,1650
Akane-banashi T01,1650
Kamisama School T02,1650
Kaguya-sama - Love is War T16,1650
Kaguya-sama - Love is War T15,1650
Kaguya-sama - Love is War T14,1650
Kaguya-sama - Love is War T13,1650
Kaguya-sama - Love is War T12,1650
Dragon Ball Super T19,1650
Jojo's bizarre adventure - Saison 8 - Jojolion T27,1650
Jojo's bizarre adventure - Saison 8 - Jojolion T26,1650
Mashle T16,1800
Hell’s Paradise T05,1850
Hell’s Paradise T11,1850
Neon Genesis Evangelion Perfect Edition - T07,3300
Hell’s Paradise T13,1850
Hell’s Paradise T12,1850
Hell’s Paradise T10,1850
Hell’s Paradise T09,1850
Fairy Tail - Ice Trail T02,1500
Akane-banashi T02,1650
Akane-banashi T01,1650
Kamisama School T02,1650
Kaguya-sama - Love is War T16,1650
Kaguya-sama - Love is War T15,1650
Kaguya-sama - Love is War T14,1650
Kaguya-sama - Love is War T13,1650
Kaguya-sama - Love is War T12,1650
Dragon Ball Super T19,1650
Jojo's bizarre adventure - Saison 8 - Jojolion T27,1650
Jojo's bizarre adventure - Saison 8 - Jojolion T26,1650
Mashle T16,1800
Hell’s Paradise T05,1850
Hell’s Paradise T11,1850
Neon Genesis Evangelion Perfect Edition - T07,3300
Hell’s Paradise T13,1850
Hell’s Paradise T12,1850
Hell’s Paradise T10,1850
Hell’s Paradise T09,1850
Fairy Tail - Ice Trail T02,1500
Akane-banashi T02,1650
Akane-banashi T01,1650
Kamisama School T02,1650
Kaguya-sama - Love is War T16,1650
Kaguya-sama - Love is War T15,1650
Kaguya-sama - Love is War T14,1650
Kaguya-sama - Love is War T13,1650
Kaguya-sama - Love is War T12,1650
Dragon Ball Super T19,1650
Jojo's bizarre adventure - Saison 8 - Jojolion T27,1650
Jojo's bizarre adventure - Saison 8 - Jojolion T26,1650
Mashle T16,1800
Hell’s Paradise T05,1850
Hell’s Paradise T11,1850
Neon Genesis Evangelion Perfect Edition - T07,3300
Hell’s Paradise T13,1850
Hell’s Paradise T12,1850
Hell’s Paradise T10,1850
Hell’s Paradise T09,1850
Fairy Tail - Ice Trail T02,1500
Akane-banashi T02,1650
Akane-banashi T01,1650
Kamisama School T02,1650
Kaguya-sama - Love is War T16,1650
Kaguya-sama - Love is War T15,1650
Kaguya-sama - Love is War T14,1650
Kaguya-sama - Love is War T13,1650
Kaguya-sama - Love is War T12,1650
Dragon Ball Super T19,1650
Jojo's bizarre adventure - Saison 8 - Jojolion T27,1650
Jojo's bizarre adventure - Saison 8 - Jojolion T26,1650
Mashle T16,1800
Hell’s Paradise T05,1850
Hell’s Paradise T11,1850
Neon Genesis Evangelion Perfect Edition - T07,3300
Hell’s Paradise T13,1850
Hell’s Paradise T12,1850
Hell’s Paradise T10,1850
Hell’s Paradise T09,1850
Fairy Tail - Ice Trail T02,1500
Akane-banashi T02,1650
Akane-banashi T01,1650
Kamisama School T02,1650
Kaguya-sama - Love is War T16,1650
Kaguya-sama - Love is War T15,1650
Kaguya-sama - Love is War T14,1650
Kaguya-sama - Love is War T13,1650
Kaguya-sama - Love is War T12,1650
Dragon Ball Super T19,1650
Jojo's bizarre adventure - Saison 8 - Jojolion T27,1650
Jojo's bizarre adventure - Saison 8 - Jojolion T26,1650
Mashle T16,1800
Hell’s Paradise T05,1850
Hell’s Paradise T11,1850
Neon Genesis Evangelion Perfect Edition - T07,3300
Hell’s Paradise T13,1850
Hell’s Paradise T12,1850
Hell’s Paradise T10,1850
Hell’s Paradise T09,1850
Fairy Tail - Ice Trail T02,1500
Akane-banashi T02,1650
Akane-banashi T01,1650
Kamisama School T02,1650
Kaguya-sama - Love is War T16,1650
Kaguya-sama - Love is War T15,1650
Kaguya-sama - Love is War T14,1650
Kaguya-sama - Love is War T13,1650
Kaguya-sama - Love is War T12,1650
Dragon Ball Super T19,1650
Jojo's bizarre adventure - Saison 8 - Jojolion T27,1650
Jojo's bizarre adventure - Saison 8 - Jojolion T26,1650
Mashle T16,1800
Hell’s Paradise T05,1850
Hell’s Paradise T11,1850
Neon Genesis Evangelion Perfect Edition - T07,3300
Hell’s Paradise T13,1850
Hell’s Paradise T12,1850
Hell’s Paradise T10,1850
Hell’s Paradise T09,1850
Fairy Tail - Ice Trail T02,1500
Akane-banashi T02,1650
Akane-banashi T01,1650
Kamisama School T02,1650
Kaguya-sama - Love is War T16,1650
Kaguya-sama - Love is War T15,1650
Kaguya-sama - Love is War T14,1650
Kaguya-sama - Love is War T13,1650
Kaguya-sama - Love is War T12,1650
Dragon Ball Super T19,1650
Jojo's bizarre adventure - Saison 8 - Jojolion T27,1650
Jojo's bizarre adventure - Saison 8 - Jojolion T26,1650
Mashle T16,1800
Hell’s Paradise T05,1850
Hell’s Paradise T11,1850
Neon Genesis Evangelion Perfect Edition - T07,3300
Hell’s Paradise T13,1850
Hell’s Paradise T12,1850
Hell’s Paradise T10,1850
Hell’s Paradise T09,1850
Fairy Tail - Ice Trail T02,1500
Akane-banashi T02,1650
Akane-banashi T01,1650
Kamisama School T02,1650
Kaguya-sama - Love is War T16,1650
Kaguya-sama - Love is War T15,1650
Kaguya-sama - Love is War T14,1650
Kaguya-sama - Love is War T13,1650
Kaguya-sama - Love is War T12,1650
Dragon Ball Super T19,1650
Jojo's bizarre adventure - Saison 8 - Jojolion T27,1650
Jojo's bizarre adventure - Saison 8 - Jojolion T26,1650
Mashle T16,1800
Hell’s Paradise T05,1850
Hell’s Paradise T11,1850
Neon Genesis Evangelion Perfect Edition - T07,3300
Hell’s Paradise T13,1850
Hell’s Paradise T12,1850
Hell’s Paradise T10,1850
Hell’s Paradise T09,1850
Fairy Tail - Ice Trail T02,1500
Akane-banashi T02,1650
Akane-banashi T01,1650
Kamisama School T02,1650
Kaguya-sama - Love is War T16,1650
Kaguya-sama - Love is War T15,1650
Kaguya-sama - Love is War T14,1650
Kaguya-sama - Love is War T13,1650
Kaguya-sama - Love is War T12,1650
Dragon Ball Super T19,1650
Jojo's bizarre adventure - Saison 8 - Jojolion T27,1650
Jojo's bizarre adventure - Saison 8 - Jojolion T26,1650
Mashle T16,1800
Hell’s Paradise T05,1850
Hell’s Paradise T11,1850
Neon Genesis Evangelion Perfect Edition - T07,3300
Hell’s Paradise T13,1850
Hell’s Paradise T12,1850
Hell’s Paradise T10,1850
Hell’s Paradise T09,1850
Fairy Tail - Ice Trail T02,1500
Akane-banashi T02,1650
Akane-banashi T01,1650
Kamisama School T02,1650
Kaguya-sama - Love is War T16,1650
Kaguya-sama - Love is War T15,1650
Kaguya-sama - Love is War T14,1650
Kaguya-sama - Love is War T13,1650
Kaguya-sama - Love is War T12,1650
Dragon Ball Super T19,1650
Jojo's bizarre adventure - Saison 8 - Jojolion T27,1650
Jojo's bizarre adventure - Saison 8 - Jojolion T26,1650
Mashle T16,1800
Hell’s Paradise T05,1850
Hell’s Paradise T11,1850
Neon Genesis Evangelion Perfect Edition - T07,3300
Hell’s Paradise T13,1850
Hell’s Paradise T12,1850
Hell’s Paradise T10,1850
Hell’s Paradise T09,1850
Fairy Tail - Ice Trail T02,1500
Akane-banashi T02,1650
Akane-banashi T01,1650
Kamisama School T02,1650
Kaguya-sama - Love is War T16,1650
Kaguya-sama - Love is War T15,1650
Kaguya-sama - Love is War T14,1650
Kaguya-sama - Love is War T13,1650
Kaguya-sama - Love is War T12,1650
Dragon Ball Super T19,1650
Jojo's bizarre adventure - Saison 8 - Jojolion T27,1650
Jojo's bizarre adventure - Saison 8 - Jojolion T26,1650
Mashle T16,1800
Hell’s Paradise T05,1850
Hell’s Paradise T11,1850
Neon Genesis Evangelion Perfect Edition - T07,3300
Hell’s Paradise T13,1850
Hell’s Paradise T12,1850
Hell’s Paradise T10,1850
Hell’s Paradise T09,1850
Fairy Tail - Ice Trail T02,1500
Akane-banashi T02,1650
Akane-banashi T01,1650
Kamisama School T02,1650
Kaguya-sama - Love is War T16,1650
Kaguya-sama - Love is War T15,1650
Kaguya-sama - Love is War T14,1650
Kaguya-sama - Love is War T13,1650
Kaguya-sama - Love is War T12,1650
Dragon Ball Super T19,1650
Jojo's bizarre adventure - Saison 8 - Jojolion T27,1650
Jojo's bizarre adventure - Saison 8 - Jojolion T26,1650
Mashle T16,1800
Hell’s Paradise T05,1850
Hell’s Paradise T11,1850
Neon Genesis Evangelion Perfect Edition - T07,3300
Hell’s Paradise T13,1850
Hell’s Paradise T12,1850
Hell’s Paradise T10,1850
Hell’s Paradise T09,1850
Fairy Tail - Ice Trail T02,1500
Akane-banashi T02,1650
Akane-banashi T01,1650
Kamisama School T02,1650
Kaguya-sama - Love is War T16,1650
Kaguya-sama - Love is War T15,1650
Kaguya-sama - Love is War T14,1650
Kaguya-sama - Love is War T13,1650
Kaguya-sama - Love is War T12,1650
Dragon Ball Super T19,1650
Jojo's bizarre adventure - Saison 8 - Jojolion T27,1650
Jojo's bizarre adventure - Saison 8 - Jojolion T26,1650
Mashle T16,1800
Hell’s Paradise T05,1850
Hell’s Paradise T11,1850
Neon Genesis Evangelion Perfect Edition - T07,3300
Hell’s Paradise T13,1850
Hell’s Paradise T12,1850
Hell’s Paradise T10,1850
Hell’s Paradise T09,1850
Fairy Tail - Ice Trail T02,1500
Akane-banashi T02,1650
Akane-banashi T01,1650
Kamisama School T02,1650
Kaguya-sama - Love is War T16,1650
Kaguya-sama - Love is War T15,1650
Kaguya-sama - Love is War T14,1650
Kaguya-sama - Love is War T13,1650
Kaguya-sama - Love is War T12,1650
Dragon Ball Super T19,1650
Jojo's bizarre adventure - Saison 8 - Jojolion T27,1650
Jojo's bizarre adventure - Saison 8 - Jojolion T26,1650
Mashle T16,1800
Hell’s Paradise T05,1850
Hell’s Paradise T11,1850
Neon Genesis Evangelion Perfect Edition - T07,3300
Hell’s Paradise T13,1850
Hell’s Paradise T12,1850
Hell’s Paradise T10,1850
Hell’s Paradise T09,1850
Fairy Tail - Ice Trail T02,1500
Akane-banashi T02,1650
Akane-banashi T01,1650
Kamisama School T02,1650
Kaguya-sama - Love is War T16,1650
Kaguya-sama - Love is War T15,1650
Kaguya-sama - Love is War T14,1650
Kaguya-sama - Love is War T13,1650
Kaguya-sama - Love is War T12,1650
Dragon Ball Super T19,1650
Jojo's bizarre adventure - Saison 8 - Jojolion T27,1650
Jojo's bizarre adventure - Saison 8 - Jojolion T26,1650
Mashle T16,1800
Hell’s Paradise T05,1850
Hell’s Paradise T11,1850
Neon Genesis Evangelion Perfect Edition - T07,3300
Hell’s Paradise T13,1850
Hell’s Paradise T12,1850
Hell’s Paradise T10,1850
Hell’s Paradise T09,1850
Fairy Tail - Ice Trail T02,1500
Akane-banashi T02,1650
Akane-banashi T01,1650
Kamisama School T02,1650
Kaguya-sama - Love is War T16,1650
Kaguya-sama - Love is War T15,1650
Kaguya-sama - Love is War T14,1650
Kaguya-sama - Love is War T13,1650
Kaguya-sama - Love is War T12,1650
Dragon Ball Super T19,1650
Jojo's bizarre adventure - Saison 8 - Jojolion T27,1650
Jojo's bizarre adventure - Saison 8 - Jojolion T26,1650
Mashle T16,1800
Hell’s Paradise T05,1850
Hell’s Paradise T11,1850
Neon Genesis Evangelion Perfect Edition - T07,3300
Hell’s Paradise T13,1850
Hell’s Paradise T12,1850
Hell’s Paradise T10,1850
Hell’s Paradise T09,1850
Fairy Tail - Ice Trail T02,1500
Akane-banashi T02,1650
Akane-banashi T01,1650
Kamisama School T02,1650
Kaguya-sama - Love is War T16,1650
Kaguya-sama - Love is War T15,1650
Kaguya-sama - Love is War T14,1650
Kaguya-sama - Love is War T13,1650
Kaguya-sama - Love is War T12,1650
Dragon Ball Super T19,1650
Jojo's bizarre adventure - Saison 8 - Jojolion T27,1650
Jojo's bizarre adventure - Saison 8 - Jojolion T26,1650
Mashle T16,1800
Hell’s Paradise T05,1850
Hell’s Paradise T11,1850
Neon Genesis Evangelion Perfect Edition - T07,3300
Hell’s Paradise T13,1850
Hell’s Paradise T12,1850
Hell’s Paradise T10,1850
Hell’s Paradise T09,1850
Fairy Tail - Ice Trail T02,1500
Akane-banashi T02,1650
Akane-banashi T01,1650
Kamisama School T02,1650
Kaguya-sama - Love is War T16,1650
Kaguya-sama - Love is War T15,1650
Kaguya-sama - Love is War T14,1650
Kaguya-sama - Love is War T13,1650
Kaguya-sama - Love is War T12,1650
Dragon Ball Super T19,1650
Jojo's bizarre adventure - Saison 8 - Jojolion T27,1650
Jojo's bizarre adventure - Saison 8 - Jojolion T26,1650
Mashle T16,1800
Hell’s Paradise T05,1850
Hell’s Paradise T11,1850
Neon Genesis Evangelion Perfect Edition - T07,3300
Hell’s Paradise T13,1850
Hell’s Paradise T12,1850
Hell’s Paradise T10,1850
Hell’s Paradise T09,1850
Fairy Tail - Ice Trail T02,1500
Akane-banashi T02,1650
Akane-banashi T01,1650
Kamisama School T02,1650
Kaguya-sama - Love is War T16,1650
Kaguya-sama - Love is War T15,1650
Kaguya-sama - Love is War T14,1650
Kaguya-sama - Love is War T13,1650
Kaguya-sama - Love is War T12,1650
Dragon Ball Super T19,1650
Jojo's bizarre adventure - Saison 8 - Jojolion T27,1650
Jojo's bizarre adventure - Saison 8 - Jojolion T26,1650
Mashle T16,1800
Hell’s Paradise T05,1850
Hell’s Paradise T11,1850
Neon Genesis Evangelion Perfect Edition - T07,3300
Hell’s Paradise T13,1850
Hell’s Paradise T12,1850
Hell’s Paradise T10,1850
Hell’s Paradise T09,1850
Fairy Tail - Ice Trail T02,1500
Akane-banashi T02,1650
Akane-banashi T01,1650
Kamisama School T02,1650
Kaguya-sama - Love is War T16,1650
Kaguya-sama - Love is War T15,1650
Kaguya-sama - Love is War T14,1650
Kaguya-sama - Love is War T13,1650
Kaguya-sama - Love is War T12,1650
Dragon Ball Super T19,1650
Jojo's bizarre adventure - Saison 8 - Jojolion T27,1650
Jojo's bizarre adventure - Saison 8 - Jojolion T26,1650
Mashle T16,1800
Hell’s Paradise T05,1850
Hell’s Paradise T11,1850
Neon Genesis Evangelion Perfect Edition - T07,3300
Hell’s Paradise T13,1850
Hell’s Paradise T12,1850
Hell’s Paradise T10,1850
Hell’s Paradise T09,1850
Fairy Tail - Ice Trail T02,1500
Akane-banashi T02,1650
Akane-banashi T01,1650
Kamisama School T02,1650
Kaguya-sama - Love is War T16,1650
Kaguya-sama - Love is War T15,1650
Kaguya-sama - Love is War T14,1650
Kaguya-sama - Love is War T13,1650
Kaguya-sama - Love is War T12,1650
Dragon Ball Super T19,1650
Jojo's bizarre adventure - Saison 8 - Jojolion T27,1650
Jojo's bizarre adventure - Saison 8 - Jojolion T26,1650
Mashle T16,1800
Hell’s Paradise T05,1850
Hell’s Paradise T11,1850
Neon Genesis Evangelion Perfect Edition - T07,3300
Hell’s Paradise T13,1850
Hell’s Paradise T12,1850
Hell’s Paradise T10,1850
Hell’s Paradise T09,1850
Fairy Tail - Ice Trail T02,1500
Akane-banashi T02,1650
Akane-banashi T01,1650
Kamisama School T02,1650
Kaguya-sama - Love is War T16,1650
Kaguya-sama - Love is War T15,1650
Kaguya-sama - Love is War T14,1650
Kaguya-sama - Love is War T13,1650
Kaguya-sama - Love is War T12,1650
Dragon Ball Super T19,1650
Jojo's bizarre adventure - Saison 8 - Jojolion T27,1650
Jojo's bizarre adventure - Saison 8 - Jojolion T26,1650
Mashle T16,1800
Hell’s Paradise T05,1850
Hell’s Paradise T11,1850
Neon Genesis Evangelion Perfect Edition - T07,3300
Hell’s Paradise T13,1850
Hell’s Paradise T12,1850
Hell’s Paradise T10,1850
Hell’s Paradise T09,1850
Fairy Tail - Ice Trail T02,1500
Akane-banashi T02,1650
Akane-banashi T01,1650
Kamisama School T02,1650
Kaguya-sama - Love is War T16,1650
Kaguya-sama - Love is War T15,1650
Kaguya-sama - Love is War T14,1650
Kaguya-sama - Love is War T13,1650
Kaguya-sama - Love is War T12,1650
Dragon Ball Super T19,1650
Jojo's bizarre adventure - Saison 8 - Jojolion T27,1650
Jojo's bizarre adventure - Saison 8 - Jojolion T26,1650
Mashle T16,1800
Hell’s Paradise T05,1850
Hell’s Paradise T11,1850
Neon Genesis Evangelion Perfect Edition - T07,3300
Hell’s Paradise T13,1850
Hell’s Paradise T12,1850
Hell’s Paradise T10,1850
Hell’s Paradise T09,1850
Fairy Tail - Ice Trail T02,1500
Akane-banashi T02,1650
Akane-banashi T01,1650
Kamisama School T02,1650
Kaguya-sama - Love is War T16,1650
Kaguya-sama - Love is War T15,1650
Kaguya-sama - Love is War T14,1650
Kaguya-sama - Love is War T13,1650
Kaguya-sama - Love is War T12,1650
Dragon Ball Super T19,1650
Jojo's bizarre adventure - Saison 8 - Jojolion T27,1650
Jojo's bizarre adventure - Saison 8 - Jojolion T26,1650
Mashle T16,1800
Hell’s Paradise T05,1850
Hell’s Paradise T11,1850
Neon Genesis Evangelion Perfect Edition - T07,3300
Hell’s Paradise T13,1850
Hell’s Paradise T12,1850
Hell’s Paradise T10,1850
Hell’s Paradise T09,1850
Fairy Tail - Ice Trail T02,1500
Akane-banashi T02,1650
Akane-banashi T01,1650
Kamisama School T02,1650
Kaguya-sama - Love is War T16,1650
Kaguya-sama - Love is War T15,1650
Kaguya-sama - Love is War T14,1650
Kaguya-sama - Love is War T13,1650
Kaguya-sama - Love is War T12,1650
Dragon Ball Super T19,1650
Jojo's bizarre adventure - Saison 8 - Jojolion T27,1650
Jojo's bizarre adventure - Saison 8 - Jojolion T26,1650
Mashle T16,1800
Hell’s Paradise T05,1850
Hell’s Paradise T11,1850
Neon Genesis Evangelion Perfect Edition - T07,3300
Hell’s Paradise T13,1850
Hell’s Paradise T12,1850
Hell’s Paradise T10,1850
Hell’s Paradise T09,1850
Fairy Tail - Ice Trail T02,1500
Akane-banashi T02,1650
Akane-banashi T01,1650
Kamisama School T02,1650
Kaguya-sama - Love is War T16,1650
Kaguya-sama - Love is War T15,1650
Kaguya-sama - Love is War T14,1650
Kaguya-sama - Love is War T13,1650
Kaguya-sama - Love is War T12,1650
Dragon Ball Super T19,1650
Jojo's bizarre adventure - Saison 8 - Jojolion T27,1650
Jojo's bizarre adventure - Saison 8 - Jojolion T26,1650
Mashle T16,1800
Hell’s Paradise T05,1850
Hell’s Paradise T11,1850
Neon Genesis Evangelion Perfect Edition - T07,3300
Hell’s Paradise T13,1850
Hell’s Paradise T12,1850
Hell’s Paradise T10,1850
Hell’s Paradise T09,1850
Fairy Tail - Ice Trail T02,1500
Akane-banashi T02,1650
Akane-banashi T01,1650
Kamisama School T02,1650
Kaguya-sama - Love is War T16,1650
Kaguya-sama - Love is War T15,1650
Kaguya-sama - Love is War T14,1650
Kaguya-sama - Love is War T13,1650
Kaguya-sama - Love is War T12,1650
Dragon Ball Super T19,1650
Jojo's bizarre adventure - Saison 8 - Jojolion T27,1650
Jojo's bizarre adventure - Saison 8 - Jojolion T26,1650
Mashle T16,1800
Hell’s Paradise T05,1850
Hell’s Paradise T11,1850
Neon Genesis Evangelion Perfect Edition - T07,3300
Hell’s Paradise T13,1850
Hell’s Paradise T12,1850
Hell’s Paradise T10,1850
Hell’s Paradise T09,1850
Fairy Tail - Ice Trail T02,1500
Akane-banashi T02,1650
Akane-banashi T01,1650
Kamisama School T02,1650
Kaguya-sama - Love is War T16,1650
Kaguya-sama - Love is War T15,1650
Kaguya-sama - Love is War T14,1650
Kaguya-sama - Love is War T13,1650
Kaguya-sama - Love is War T12,1650
Dragon Ball Super T19,1650
Jojo's bizarre adventure - Saison 8 - Jojolion T27,1650
Jojo's bizarre adventure - Saison 8 - Jojolion T26,1650
Mashle T16,1800
Hell’s Paradise T05,1850
Hell’s Paradise T11,1850
Neon Genesis Evangelion Perfect Edition - T07,3300
Hell’s Paradise T13,1850
Hell’s Paradise T12,1850
Hell’s Paradise T10,1850
Hell’s Paradise T09,1850
Fairy Tail - Ice Trail T02,1500
Akane-banashi T02,1650
Akane-banashi T01,1650
Kamisama School T02,1650
Kaguya-sama - Love is War T16,1650
Kaguya-sama - Love is War T15,1650
Kaguya-sama - Love is War T14,1650
Kaguya-sama - Love is War T13,1650
Kaguya-sama - Love is War T12,1650
Dragon Ball Super T19,1650
Jojo's bizarre adventure - Saison 8 - Jojolion T27,1650
Jojo's bizarre adventure - Saison 8 - Jojolion T26,1650
Mashle T16,1800
Hell’s Paradise T05,1850
Hell’s Paradise T11,1850
Neon Genesis Evangelion Perfect Edition - T07,3300
Hell’s Paradise T13,1850
Hell’s Paradise T12,1850
Hell’s Paradise T10,1850
Hell’s Paradise T09,1850
Fairy Tail - Ice Trail T02,1500
Akane-banashi T02,1650
Akane-banashi T01,1650
Kamisama School T02,1650
Kaguya-sama - Love is War T16,1650
Kaguya-sama - Love is War T15,1650
Kaguya-sama - Love is War T14,1650
Kaguya-sama - Love is War T13,1650
Kaguya-sama - Love is War T12,1650
Dragon Ball Super T19,1650
Jojo's bizarre adventure - Saison 8 - Jojolion T27,1650
Jojo's bizarre adventure - Saison 8 - Jojolion T26,1650
Mashle T16,1800
Hell’s Paradise T05,1850
Hell’s Paradise T11,1850
Neon Genesis Evangelion Perfect Edition - T07,3300
Hell’s Paradise T13,1850
Hell’s Paradise T12,1850
Hell’s Paradise T10,1850
Hell’s Paradise T09,1850
Fairy Tail - Ice Trail T02,1500
Akane-banashi T02,1650
Akane-banashi T01,1650
Kamisama School T02,1650
Kaguya-sama - Love is War T16,1650
Kaguya-sama - Love is War T15,1650
Kaguya-sama - Love is War T14,1650
Kaguya-sama - Love is War T13,1650
Kaguya-sama - Love is War T12,1650
Dragon Ball Super T19,1650
Jojo's bizarre adventure - Saison 8 - Jojolion T27,1650
Jojo's bizarre adventure - Saison 8 - Jojolion T26,1650
Mashle T16,1800
Hell’s Paradise T05,1850
Hell’s Paradise T11,1850
Neon Genesis Evangelion Perfect Edition - T07,3300
Hell’s Paradise T13,1850
Hell’s Paradise T12,1850
Hell’s Paradise T10,1850
Hell’s Paradise T09,1850
